FECHA (YYMMDD);Registros validados
190101;9.3871
190201;7.85714
190301;10.5806
190401;11.2667
190501;11.2903
190601;11.3333
190701;10.1613
190801;12
190901;13.8966
191001;16.5161
191101;14.6667
191201;12.0968
200101;11.4194
200201;11
200301;14.2
200401;13.1071
200501;12.85
200601;10.7692
200701;4.54839
200801;11.4667
200901;16.8571
201001;16.871
201101;12.6786
201201;10.9677
